Profession,Language,Translated Job Description,Translated Resume
Retail Salespersons,en,"Serve as the primary point of contact for customers in a retail setting. Offer guidance on products, handle merchandise displays, and process sales transactions. Address customer inquiries and concerns, ensuring a positive shopping experience. Maintain awareness of current promotions and store policies to provide accurate information.",Jane Smith: 5 years' experience as Lead Sales Associate at Prestige Retailers. Boosted sales by 15% through personalized customer engagement. Trained and mentored over 20 new staff members. Recognized for consistently maintaining top-performer status and providing exceptional customer service.
Retail Salespersons,zh,在零售环境中充当客户的主要联系点。提供产品指导，处理商品陈列和处理销售交易。解决买家的询问和疑虑，确保良好的购物体验。保持对当前促销和商店政策的了解，以提供准确的信息。,Jane Smith：在知名零售商担任首席销售助理已有 5 年经验。通过个性化的客户互动，将销售额提高了15％。培训和指导了20多名新工作人员。因始终如一地保持最佳表现者地位和提供卓越的客户服务而受到认可。
Retail Salespersons,es,"Sirve como el principal punto de contacto para los clientes en un entorno minorista. Ofrezca orientación sobre los productos, gestione las exhibiciones de mercancías y procese las transacciones de venta. Aborde las consultas e inquietudes de los clientes, garantizando una experiencia de compra positiva. Mantente al tanto de las promociones actuales y las políticas de la tienda para proporcionar información precisa.",Jane Smith: 5 años de experiencia como asociada principal de ventas en Prestige Retailers. Aumentó las ventas en un 15% gracias a la interacción personalizada con los clientes. Capacitó y asesoró a más de 20 nuevos miembros del personal. Reconocido por mantener constantemente el estatus de mejor desempeño y brindar un servicio al cliente excepcional.
Retail Salespersons,hi,"रिटेल सेटिंग में ग्राहकों के लिए संपर्क के प्राथमिक बिंदु के रूप में काम करें। उत्पादों पर मार्गदर्शन प्रदान करें, मर्चेंडाइज़ डिस्प्ले को संभालें और बिक्री लेनदेन को प्रोसेस करें। खरीदारी का सकारात्मक अनुभव सुनिश्चित करते हुए, ग्राहकों की पूछताछ और चिंताओं को दूर करें। सटीक जानकारी प्रदान करने के लिए वर्तमान प्रचारों और स्टोर नीतियों के बारे में जागरूकता बनाए रखें।",जेन स्मिथ: प्रेस्टीज रिटेलर्स में लीड सेल्स एसोसिएट के रूप में 5 साल का अनुभव। व्यक्तिगत ग्राहक सहभागिता के माध्यम से बिक्री में 15% की वृद्धि हुई। 20 से अधिक नए स्टाफ सदस्यों को प्रशिक्षित और सलाह दी। लगातार शीर्ष प्रदर्शन करने वाले का दर्जा बनाए रखने और असाधारण ग्राहक सेवा प्रदान करने के लिए मान्यता प्राप्त है।
Retail Salespersons,ar,تعمل كنقطة اتصال أساسية للعملاء في بيئة البيع بالتجزئة. تقديم إرشادات حول المنتجات والتعامل مع عروض البضائع ومعالجة معاملات المبيعات. معالجة استفسارات العملاء ومخاوفهم، مما يضمن تجربة تسوق إيجابية. حافظ على الوعي بالعروض الترويجية الحالية وسياسات المتجر لتوفير معلومات دقيقة.,جين سميث: 5 سنوات من الخبرة كمساعد مبيعات رئيسي في Prestige Retailers. عززت المبيعات بنسبة 15٪ من خلال مشاركة العملاء المخصصة. تم تدريب وتوجيه أكثر من 20 موظفًا جديدًا. معترف به للحفاظ باستمرار على وضع أفضل أداء وتقديم خدمة عملاء استثنائية.
Retail Salespersons,pt,"Sirva como o principal ponto de contato para clientes em um ambiente de varejo. Ofereça orientação sobre produtos, gerencie displays de mercadorias e processe transações de vendas. Atenda às dúvidas e preocupações dos clientes, garantindo uma experiência de compra positiva. Fique atento às promoções atuais e às políticas da loja para fornecer informações precisas.",Jane Smith: 5 anos de experiência como associada líder de vendas na Prestige Retailers. Aumentou as vendas em 15% por meio do engajamento personalizado do cliente. Treinou e orientou mais de 20 novos funcionários. Reconhecida por manter consistentemente o status de melhor desempenho e fornecer um atendimento excepcional ao cliente.
Retail Salespersons,bn,"খুচরা সেটিংসে গ্রাহকদের জন্য যোগাযোগের প্রাথমিক পয়েন্ট হিসাবে কাজ করুন। পণ্যগুলির উপর নির্দেশিকা অফার করুন, পণ্যদ্রব্য প্রদর্শন পরিচালনা করুন এবং বিক্রয় লেন একটি ইতিবাচক কেনাকাটার অভিজ্ঞতা নিশ্চিত করে গ্রাহকের অনুসন্ধান এবং উদ্বেগগুলি সঠিক তথ্য সরবরাহ করতে বর্তমান প্রচার এবং স্টোর নীতি সম্পর্কে সচেতনতা বজায় রাখুন",জেন স্মিথ: প্রেস্টিজ রিটেইলারদের লিড সেলস অ্যাসোসিয়েট হিসাবে 5 বছরের অভিজ্ঞতা। ব্যক্তিগতকৃত গ্রাহক ব্যস্ততার মাধ্যমে 15% বিক্রয় বাড়িয়েছে। 20 টিরও বেশি নতুন কর্মীদের প্রশিক্ষিত এবং পরামর্শ দেওয়া হয়েছে। ধারাবাহিকভাবে শীর্ষ পারফর্মার স্ট্যাটাস বজায় রাখার এবং ব্যতিক্রমী
Retail Salespersons,ru,"Служите основным контактным лицом для клиентов в розничной торговле. Предоставляйте рекомендации по продуктам, управляйте выставками товаров и обрабатывайте сделки купли-продажи. Отвечайте на запросы и проблемы клиентов, обеспечивая положительные впечатления от покупок. Следите за текущими акциями и правилами магазина, чтобы предоставлять точную информацию.",Джейн Смит: 5-летний опыт работы ведущим торговым консультантом в Prestige Retailers. Увеличила продажи на 15% за счет персонализированного взаимодействия с клиентами. Обучил и наставничал более 20 новых сотрудников. Признан за постоянное поддержание высокого статуса и исключительное обслуживание клиентов.
Retail Salespersons,ja,小売店での顧客の主要な連絡窓口としての役割を果たします。製品に関するガイダンスの提供、商品の陳列処理、販売取引の処理を行います。顧客からの問い合わせや懸念に対応し、ポジティブなショッピング体験を保証します。最新のプロモーションや店舗ポリシーを常に把握し、正確な情報を提供してください。,ジェーン・スミス：プレステージ・リテーラーズでリード・セールス・アソシエイトとして5年の経験があります。パーソナライズされた顧客エンゲージメントにより、売上を 15% 向上させました。20 人以上の新しいスタッフをトレーニングし、指導しました。常にトップパフォーマーとしての地位を維持し、優れたカスタマーサービスを提供していることで知られています。
Retail Salespersons,de,"Dienen als Hauptansprechpartner für Kunden im Einzelhandel. Bieten Sie Beratung zu Produkten, kümmern Sie sich um Warenausstellungen und wickeln Sie Verkaufstransaktionen ab. Gehen Sie auf Kundenanfragen und Bedenken ein und sorgen Sie so für ein positives Einkaufserlebnis. Halten Sie sich über aktuelle Angebote und Geschäftsrichtlinien auf dem Laufenden, um genaue Informationen bereitzustellen.",Jane Smith: 5 Jahre Erfahrung als Lead Sales Associate bei Prestige Retailers. Steigerung des Umsatzes um 15% durch personalisierte Kundenbindung. Über 20 neue Mitarbeiter geschult und betreut. Bekannt für die konsequente Beibehaltung des Spitzenstatus und die Bereitstellung eines außergewöhnlichen Kundendienstes.
Office Clerks,en,"Support office operations by performing general clerical duties, from answering phones to maintaining files. Facilitate internal and external communication, distribute correspondence, and manage supplies. Input, update, and retrieve information from various computer systems. Collaborate with multiple departments to streamline administrative processes.","John Doe: Dedicated Office Clerk with 6 years at Dynamic Corp, specializing in administrative efficiency. Managed a system overhaul that increased data retrieval speed by 25%. Skilled in advanced office software, handling communication, and streamlining workflows. Twice awarded 'Employee of the Month' for exceptional dedication."
Office Clerks,zh,通过执行一般文书工作来支持办公室运营，从接听电话到维护档案。促进内部和外部沟通、分发信件和管理物资。从各种计算机系统输入、更新和检索信息。与多个部门合作以简化管理流程。,John Doe：专职办公室文员，在Dynamic Corp工作了6年，专门研究行政效率。管理了一次系统大修，将数据检索速度提高了 25%。精通高级办公软件、处理沟通和简化工作流程。因其卓越的奉献精神两次荣获 “本月最佳员工” 奖。
Office Clerks,es,"Apoye las operaciones de la oficina realizando tareas administrativas generales, desde contestar teléfonos hasta mantener archivos. Facilite la comunicación interna y externa, distribuya la correspondencia y gestione los suministros. Introduzca, actualice y recupere información de varios sistemas informáticos. Colabore con varios departamentos para agilizar los procesos administrativos.","John Doe: empleado de oficina dedicado con 6 años en Dynamic Corp, especializado en eficiencia administrativa. Gestioné una revisión del sistema que aumentó la velocidad de recuperación de datos en un 25%. Experto en software de oficina avanzado, gestiona la comunicación y optimiza los flujos de trabajo. Galardonado dos veces como «Empleado del mes» por su dedicación excepcional."
Office Clerks,hi,"फोन का जवाब देने से लेकर फाइलों को बनाए रखने तक, सामान्य लिपिक कर्तव्यों का पालन करके कार्यालय संचालन में सहायता करें। आंतरिक और बाहरी संचार को सुगम बनाना, पत्राचार वितरित करना और आपूर्ति का प्रबंधन करना। विभिन्न कंप्यूटर सिस्टम से जानकारी इनपुट करें, अपडेट करें और पुनर्प्राप्त करें। व्यवस्थापकीय प्रक्रियाओं को कारगर बनाने के लिए कई विभागों के साथ सहयोग करें।","जॉन डो: डायनामिक कॉर्प में 6 साल के साथ समर्पित कार्यालय क्लर्क, जो प्रशासनिक दक्षता में विशेषज्ञता रखता है। एक सिस्टम ओवरहाल का प्रबंधन किया, जिससे डेटा पुनर्प्राप्ति गति में 25% की वृद्धि हुई। एडवांस ऑफ़िस सॉफ़्टवेयर, संचार को संभालने और वर्कफ़्लो को सुव्यवस्थित करने में कुशल। असाधारण समर्पण के लिए दो बार 'एम्प्लॉई ऑफ द मंथ' से सम्मानित किया गया।"
Office Clerks,ar,دعم عمليات المكتب من خلال أداء الواجبات الكتابية العامة، من الرد على الهواتف إلى الحفاظ على الملفات. تسهيل الاتصال الداخلي والخارجي وتوزيع المراسلات وإدارة الإمدادات. إدخال المعلومات وتحديثها واسترجاعها من أنظمة الكمبيوتر المختلفة. التعاون مع أقسام متعددة لتبسيط العمليات الإدارية.,جون دو: كاتب مكتب متخصص يعمل لمدة 6 سنوات في Dynamic Corp، ومتخصص في الكفاءة الإدارية. تمت إدارة إصلاح النظام الذي أدى إلى زيادة سرعة استرداد البيانات بنسبة 25٪. ماهر في برامج المكتب المتقدمة والتعامل مع الاتصالات وتبسيط سير العمل. حصل مرتين على جائزة «موظف الشهر» لتفانيه الاستثنائي.
Office Clerks,pt,"Apoie as operações do escritório executando tarefas administrativas gerais, desde atender telefones até manter arquivos. Facilite a comunicação interna e externa, distribua correspondência e gerencie suprimentos. Insira, atualize e recupere informações de vários sistemas de computador. Colabore com vários departamentos para agilizar os processos administrativos.","John Doe: Escriturário dedicado com 6 anos na Dynamic Corp, especializado em eficiência administrativa. Gerenciou uma revisão do sistema que aumentou a velocidade de recuperação de dados em 25%. Hábil em software de escritório avançado, lidando com comunicação e simplificando fluxos de trabalho. Duas vezes premiado como “Funcionário do Mês” por dedicação excepcional."
Office Clerks,bn,"ফোনের উত্তর দেওয়া থেকে শুরু করে ফাইল রক্ষণাবেক্ষণ পর্যন্ত সাধারণ ক্লেরিকাল দায়িত্ব সম্পাদন করে অফিস অ অভ্যন্তরীণ এবং বাহ্যিক যোগাযোগের সুবিধা, চিঠিপত্র বিতরণ বিভিন্ন কম্পিউটার সিস্টেম থেকে তথ্য ইনপুট, আপডেট এবং পুনরুদ্ধার করুন। প্রশাসনিক প্রক্রিয়াগুলিকে সুবিধাজনক করতে একাধিক বিভাগের সাথে","জন ডো: ডাইনামিক কর্পে 6 বছর ধরে ডেডিকেটেড অফিস ক্লার্ক, প্রশাসনিক দক্ষতায় বিশেষজ্ঞ একটি সিস্টেম ওভারহোল পরিচালনা করেছিল যা ডেটা পুনরুদ্ধার গতি 25% বৃদ্ধি করেছিল। উন্নত অফিস সফ্টওয়্যার, যোগাযোগ হ্যান্ডলিং এবং ওয়ার্কফ্লোকে সুবিধা করার ক্ষেত্রে ব্যতিক্রমী উত্সর্গের জন্য দুবার 'মাসের কর্মচারী' পুরস্কার দেওয়া হয়।"
Office Clerks,ru,"Поддерживайте работу офиса, выполняя общие канцелярские обязанности, от ответа на телефонные звонки до хранения файлов. Облегчите внутреннюю и внешнюю связь, распределяйте корреспонденцию и управляйте поставками. Ввод, обновление и извлечение информации из различных компьютерных систем. Сотрудничайте с несколькими отделами для оптимизации административных процессов.","Джон Доу: специализированный офисный клерк с 6-летним стажем работы в Dynamic Corp. Специализируется на административной эффективности. Руководил капитальным ремонтом системы, который повысил скорость извлечения данных на 25%. Обладает навыками работы с передовым офисным программным обеспечением, управления связью и оптимизации рабочих процессов. Дважды награжден званием «Сотрудник месяца» за исключительную преданность делу."
Office Clerks,ja,電話への応答からファイルの管理まで、一般的な事務業務を行うことでオフィス業務をサポートします。社内外のコミュニケーションを促進し、通信を配信し、物資を管理します。さまざまなコンピュータシステムからの情報の入力、更新、および取得。複数の部門と協力して管理プロセスを合理化します。,John Doe：Dynamic Corpで6年間勤務した専任のオフィスクラーク。管理の効率化を専門としています。システムオーバーホールを管理し、データ取得速度を 25% 向上させました。高度なオフィスソフトウェア、コミュニケーション処理、ワークフローの効率化に長けている。並外れた献身が認められ、「今月の従業員」を2度受賞。
Office Clerks,de,"Unterstützen Sie den Bürobetrieb, indem Sie allgemeine Büroarbeiten erledigen, von der Beantwortung von Telefonen bis hin zur Verwaltung von Dateien. Erleichtern Sie die interne und externe Kommunikation, verteilen Sie die Korrespondenz und verwalten Sie die Lieferungen. Informationen von verschiedenen Computersystemen eingeben, aktualisieren und abrufen. Arbeiten Sie mit mehreren Abteilungen zusammen, um die Verwaltungsprozesse zu rationalisieren.","John Doe: Engagierter Büroangestellter mit 6 Jahren bei Dynamic Corp, spezialisiert auf administrative Effizienz. Verwaltete eine Systemüberholung, die die Geschwindigkeit beim Datenabruf um 25% erhöhte. Gute Kenntnisse in fortschrittlicher Bürosoftware, Kommunikationsmanagement und Rationalisierung von Arbeitsabläufen. Zweimal als „Mitarbeiter des Monats“ für außergewöhnliches Engagement ausgezeichnet."
Food Service Workers,en,"Prepare and serve food items in adherence to health and safety standards. Take customer orders, ensuring accuracy and timely delivery. Maintain cleanliness of food preparation and serving areas. Collaborate with kitchen staff to manage inventory and optimize food quality.","Lucia Martinez: Accomplished Chef with 7 years at Five-Star Bistro. Created a seasonal menu that boosted restaurant ratings by 2 stars. Led a team of 15 staff, achieving the lowest staff turnover rate. Known for innovative fusion dishes and a commitment to culinary excellence."
Food Service Workers,zh,按照健康和安全标准准备和供应食品。接受客户订单，确保准确性和及时交货。保持食物准备和上菜区域的清洁。与厨房工作人员合作，管理库存并优化食品质量。,露西亚·马丁内斯：在五星小酒馆工作了7年的杰出厨师。创建了季节性菜单，将餐厅评分提高了 2 星。领导一支由15名员工组成的团队，实现了最低的员工流失率。以创新的融合菜肴和对卓越烹饪的承诺而闻名。
Food Service Workers,es,"Prepare y sirva los alimentos de acuerdo con las normas de salud y seguridad. Acepte los pedidos de los clientes, garantizando la precisión y la entrega puntual. Mantenga la limpieza de las áreas de preparación y servicio de los alimentos. Colabore con el personal de cocina para gestionar el inventario y optimizar la calidad de los alimentos.","Lucia Martinez: chef consumada con 7 años en Five-Star Bistro. Creó un menú de temporada que aumentó las calificaciones de los restaurantes en 2 estrellas. Dirigió un equipo de 15 empleados, logrando la tasa de rotación de personal más baja. Conocido por sus innovadores platos de fusión y su compromiso con la excelencia culinaria."
Food Service Workers,hi,स्वास्थ्य और सुरक्षा मानकों का पालन करते हुए खाद्य पदार्थों को तैयार करें और परोसें। सटीकता और समय पर डिलीवरी सुनिश्चित करते हुए ग्राहक के ऑर्डर लें। भोजन तैयार करने और परोसने वाले क्षेत्रों की साफ-सफाई बनाए रखें। इन्वेंट्री का प्रबंधन करने और भोजन की गुणवत्ता को अनुकूलित करने के लिए किचन स्टाफ के साथ सहयोग करें।,"लूसिया मार्टिनेज: फाइव-स्टार बिस्ट्रो में 7 साल के साथ निपुण शेफ। एक मौसमी मेनू बनाया, जिसने रेस्तरां की रेटिंग में 2 स्टार की वृद्धि की। कर्मचारियों की सबसे कम टर्नओवर दर हासिल करते हुए, 15 कर्मचारियों की एक टीम का नेतृत्व किया। नवोन्मेषी फ़्यूज़न व्यंजनों और पाक कला की उत्कृष्टता के प्रति प्रतिबद्धता के लिए जाना जाता है।"
Food Service Workers,ar,إعداد وتقديم المواد الغذائية مع الالتزام بمعايير الصحة والسلامة. خذ طلبات العملاء، مع ضمان الدقة والتسليم في الوقت المناسب. الحفاظ على نظافة مناطق إعداد الطعام وتقديمه. تعاون مع موظفي المطبخ لإدارة المخزون وتحسين جودة الطعام.,لوسيا مارتينيز: طاهية بارعة أمضت 7 سنوات في مطعم خمس نجوم في بيسترو. تم إنشاء قائمة موسمية عززت تقييمات المطاعم بمقدار نجمتين. قاد فريقًا من 15 موظفًا، وحقق أقل معدل دوران للموظفين. يشتهر بالأطباق المبتكرة والالتزام بالتميز في الطهي.
Food Service Workers,pt,"Prepare e sirva alimentos de acordo com os padrões de saúde e segurança. Receba os pedidos dos clientes, garantindo precisão e entrega pontual. Mantenha a limpeza das áreas de preparação e serviço de alimentos. Colabore com a equipe da cozinha para gerenciar o inventário e otimizar a qualidade dos alimentos.","Lucia Martinez: Chef talentosa com 7 anos no Five-Star Bistro. Criou um menu sazonal que aumentou as avaliações dos restaurantes em 2 estrelas. Liderou uma equipe de 15 funcionários, alcançando a menor taxa de rotatividade de pessoal. Conhecida por pratos de fusão inovadores e pelo compromisso com a excelência culinária."
Food Service Workers,bn,স্বাস্থ্য এবং সুরক্ষা মান মেনে চলতে খাদ্য সামগ্রী প্রস্তুত করুন এবং পরিবেশন করুন। নির্ভুলতা এবং সময়মত বিতরণ নিশ্চিত করে গ্রাহকের অর্ডার খাদ্য প্রস্তুতি এবং পরিবেশন ক্ষেত্রগুলির পরিষ্কারতা বজায় ইনভেন্টরি পরিচালনা করতে এবং খাবারের গুণমান অপ্টিমাইজ করতে রান্নাঘর,লুসিয়া মার্টিনেজ: ফাইভ-স্টার বিস্ট্রোতে 7 বছর ধরে সম্পন্ন শেফ। একটি মৌসুমী মেনু তৈরি করেছিল যা রেস্তোরাঁর রেটিংগুলিকে 2 তারকা দ্বারা সর্বনিম্ন কর্মীদের টার্নওভারের হার অর্জন করে 15 জন কর্মীর একটি দলের নেতৃত্ব দিয়েছ উদ্ভাবনী ফিউশন ডিশ এবং রান্নার শ্রেষ্ঠত্বের প্রতি প্রতিশ্রুতির জন্য পরিচিত।
Food Service Workers,ru,"Готовьте и подавайте продукты в соответствии со стандартами гигиены и безопасности. Принимайте заказы клиентов, обеспечивая точность и своевременность доставки. Поддерживайте чистоту в зонах приготовления и подачи пищи. Сотрудничайте с кухонным персоналом для управления запасами и оптимизации качества продуктов питания.","Люсия Мартинес: опытный шеф-повар с 7-летним стажем работы в пятизвездочном бистро. Создала сезонное меню, которое повысило рейтинг ресторанов на 2 звезды. Возглавлял команду из 15 сотрудников, добившись самой низкой текучести кадров. Известен своими инновационными блюдами в стиле фьюжн и стремлением к кулинарному совершенству."
Food Service Workers,ja,健康と安全の基準に従って食品を準備し、提供します。顧客の注文を受け付け、正確でタイムリーな配送を確保します。調理エリアとサービングエリアを清潔に保つ。キッチンスタッフと協力して在庫を管理し、食品の品質を最適化します。,ルチア・マルティネス：5つ星ビストロで7年間働いた熟練シェフ。レストランの評価を2つ上げた季節限定のメニューを考案しました。15人のスタッフからなるチームを率い、スタッフの離職率を最も低く抑えました。革新的なフュージョン料理と優れた料理へのこだわりで知られています。
Food Service Workers,de,"Bereiten Sie Lebensmittel unter Einhaltung der Gesundheits- und Sicherheitsstandards zu und servieren Sie sie. Nehmen Sie Kundenbestellungen entgegen und sorgen Sie für Genauigkeit und pünktliche Lieferung. Achten Sie auf die Sauberkeit der Bereiche für die Zubereitung und das Servieren von Speisen. Arbeiten Sie mit dem Küchenpersonal zusammen, um das Inventar zu verwalten und die Lebensmittelqualität zu optimieren.","Lucia Martinez: Erfolgreicher Koch mit 7 Jahren im Fünf-Sterne-Bistro. Kreierte ein saisonales Menü, das die Restaurantbewertungen um 2 Sterne erhöhte. Leitete ein Team von 15 Mitarbeitern und erzielte dabei die niedrigste Fluktuationsrate. Bekannt für innovative Fusionsgerichte und ein Bekenntnis zu kulinarischer Exzellenz."
Registered Nurses,en,"Provide direct patient care, from administering medications to monitoring vital signs. Collaborate with doctors and other healthcare professionals to develop and implement patient care plans. Educate patients and their families on health conditions, preventive care, and post-treatment wellness. Document patient interactions and update medical records in adherence to regulations.","Brian Lee: Registered Nurse with 8 years in the Critical Care Unit at HealthFirst Hospital. Oversaw patient care for high-risk patients, reducing complications by 20%. Trained over 30 nurses in best care practices. Recipient of the 'Nurse of the Year' award in 2022."
Registered Nurses,zh,提供直接的患者护理，从给药到监测生命体征。与医生和其他医疗保健专业人员合作，制定和实施患者护理计划。对患者及其家属进行健康状况、预防保健和治疗后健康方面的教育。根据法规记录患者互动并更新病历。,Brian Lee：在HealthFirst医院重症监护室工作了8年的注册护士。监督高危患者的患者护理，将并发症减少20％。对30多名护士进行了最佳护理实践培训。2022 年获得 “年度护士” 奖。
Registered Nurses,es,"Brinde atención directa al paciente, desde la administración de medicamentos hasta el control de los signos vitales. Colabore con los médicos y otros profesionales de la salud para desarrollar e implementar planes de atención al paciente. Informe a los pacientes y sus familias sobre las afecciones de salud, la atención preventiva y el bienestar posterior al tratamiento. Documente las interacciones de los pacientes y actualice los registros médicos de conformidad con las normas.",Brian Lee: enfermero registrado con 8 años en la Unidad de Cuidados Intensivos del Hospital HealthFirst. Supervisó la atención de los pacientes de alto riesgo y redujo las complicaciones en un 20%. Capacitó a más de 30 enfermeras en las mejores prácticas de atención. Recibió el premio a la «Enfermera del año» en 2022.
Registered Nurses,hi,"दवा देने से लेकर महत्वपूर्ण संकेतों की निगरानी तक, सीधे रोगी की देखभाल करें। रोगी देखभाल योजनाओं को विकसित करने और लागू करने के लिए डॉक्टरों और अन्य स्वास्थ्य देखभाल पेशेवरों के साथ सहयोग करें। रोगियों और उनके परिवारों को स्वास्थ्य स्थितियों, निवारक देखभाल और उपचार के बाद के स्वास्थ्य के बारे में शिक्षित करें। विनियमों का पालन करते हुए मरीजों की बातचीत का दस्तावेजीकरण करें और मेडिकल रिकॉर्ड अपडेट करें।","ब्रायन ली: हेल्थफर्स्ट हॉस्पिटल में क्रिटिकल केयर यूनिट में 8 साल के साथ रजिस्टर्ड नर्स। उच्च जोखिम वाले रोगियों के लिए रोगी की देखभाल का निरीक्षण किया, जटिलताओं को 20% तक कम किया। सर्वोत्तम देखभाल पद्धतियों में 30 से अधिक नर्सों को प्रशिक्षित किया। 2022 में 'नर्स ऑफ़ द ईयर' पुरस्कार से सम्मानित।"
Registered Nurses,ar,توفير رعاية مباشرة للمرضى، من إعطاء الأدوية إلى مراقبة العلامات الحيوية. التعاون مع الأطباء وغيرهم من المتخصصين في الرعاية الصحية لتطوير وتنفيذ خطط رعاية المرضى. تثقيف المرضى وعائلاتهم حول الظروف الصحية والرعاية الوقائية والعافية بعد العلاج. توثيق تفاعلات المرضى وتحديث السجلات الطبية وفقًا للوائح.,بريان لي: ممرض مسجل لديه 8 سنوات في وحدة الرعاية الحرجة في مستشفى HealthFirst. أشرف على رعاية المرضى المعرضين لمخاطر عالية، مما قلل المضاعفات بنسبة 20٪. دربت أكثر من 30 ممرضة في أفضل ممارسات الرعاية. حاصلة على جائزة «ممرضة العام» في عام 2022.
Registered Nurses,pt,"Ofereça atendimento direto ao paciente, desde a administração de medicamentos até o monitoramento dos sinais vitais. Colabore com médicos e outros profissionais de saúde para desenvolver e implementar planos de atendimento ao paciente. Eduque os pacientes e suas famílias sobre condições de saúde, cuidados preventivos e bem-estar pós-tratamento. Documente as interações dos pacientes e atualize os registros médicos de acordo com os regulamentos.","Brian Lee: Enfermeira registrada com 8 anos na Unidade de Terapia Intensiva do Hospital HealthFirst. Supervisionou o atendimento aos pacientes de alto risco, reduzindo as complicações em 20%. Treinei mais de 30 enfermeiros nas melhores práticas de cuidado. Recebedora do prêmio “Enfermeira do Ano” em 2022."
Registered Nurses,bn,"ওষুধ প্রদান থেকে শুরু করে গুরুত্বপূর্ণ লক্ষণ পর্যবেক্ষণ পর্যন্ত সরাসরি রোগীর যত্ন প্রদান করুন রোগীর যত্ন পরিকল্পনা বিকাশ ও বাস্তবায়নের জন্য ডাক্তার এবং অন্যান্য স্বাস্থ্যসেবা পেশাদ রোগী এবং তাদের পরিবারগুলিকে স্বাস্থ্যের অবস্থা, প্রতিরোধমূলক যত্ন এবং চিকিত্সার পরবর্তী সুস্থতা সম্পর্কে শি রোগীর ইন্টারঅ্যাকশনকে নথিভুক্ত করুন এবং বিধি মেনে চলার জন্য চিকিৎ","ব্রায়ান লি: হেলথফার্স্ট হাসপাতালের ক্রিটিকাল কেয়ার ইউনিটে 8 বছর নিবন্ধিত নার্স। উচ্চ ঝুঁকিপূর্ণ রোগীদের জন্য রোগীর যত্নের তদারকি করেছিল, জটিলতা 20% হ্র সেরা যত্ন অনুশীলনে 30 টিরও বেশি নার্সকে প্রশিক্ষিত 2022 সালে 'নার্স অফ দ্য ইয়ার' পুরস্কার প্রাপক।"
Registered Nurses,ru,"Обеспечьте непосредственный уход за пациентами, начиная с приема лекарств и заканчивая мониторингом жизненно важных показателей. Сотрудничайте с врачами и другими медицинскими работниками для разработки и реализации планов ухода за пациентами. Просвещайте пациентов и их семьи по вопросам состояния здоровья, профилактического ухода и оздоровления после лечения. Документируйте взаимодействие с пациентами и обновляйте медицинские записи в соответствии с нормативными требованиями.","Брайан Ли: дипломированная медсестра с 8-летним стажем в отделении интенсивной терапии больницы HealthFirst. Контролировал уход за пациентами из группы высокого риска, сокращая количество осложнений на 20%. Обучил более 30 медсестер передовым методам оказания медицинской помощи. Лауреат премии «Медсестра года» в 2022 году."
Registered Nurses,ja,投薬からバイタルサインのモニタリングまで、患者を直接ケアします。医師や他の医療専門家と協力して、患者ケアプランを策定し実施する。患者とその家族に、健康状態、予防医療、治療後の健康状態について教育する。患者とのやりとりを記録し、規制に従って医療記録を更新する。,ブライアン・リー：ヘルスファースト病院の救命救急室で8年間勤務した登録看護師。高リスク患者の治療を監督し、合併症を 20% 軽減しました。30 人以上の看護師にベスト・ケア・プラクティスの研修を行いました。2022年に「ナースオブザイヤー」賞を受賞しました。
Registered Nurses,de,"Sorgen Sie für eine direkte Patientenversorgung, von der Verabreichung von Medikamenten bis zur Überwachung der Vitalfunktionen. Arbeiten Sie mit Ärzten und anderen Angehörigen der Gesundheitsberufe zusammen, um Pläne für die Patientenversorgung zu entwickeln und umzusetzen. Informieren Sie Patienten und ihre Familien über Gesundheitsprobleme, Vorsorge und Wohlbefinden nach der Behandlung. Dokumentieren Sie Patienteninteraktionen und aktualisieren Sie die Patientenakten unter Einhaltung der Vorschriften.","Brian Lee: Krankenschwester mit 8 Jahren Erfahrung in der Intensivstation des HealthFirst Hospital. Beaufsichtigte die Patientenversorgung von Hochrisikopatienten, wodurch die Komplikationen um 20% reduziert wurden. Über 30 Krankenschwestern wurden in den besten Pflegepraktiken geschult. Empfänger der Auszeichnung „Krankenschwester des Jahres“ im Jahr 2022."
Elementary School Teachers,en,"Develop and deliver lesson plans catered to young learners across various subjects. Evaluate student performance through assessments, providing feedback and guidance. Foster a positive, inclusive, and stimulating learning environment. Engage with parents, school staff, and administrators to support student growth and address concerns.","Farah Ali: Elementary Teacher with 10 years at Bright Futures Academy. Implemented a digital literacy program, improving student tech proficiency by 30%. Mentored five junior teachers in curriculum development. Awarded 'Teacher of the Year' thrice for outstanding commitment to student growth."
Elementary School Teachers,zh,制定和提供适合年轻学习者的各种科目的教学计划。通过评估、提供反馈和指导来评估学生的表现。营造一个积极、包容和激励性的学习环境。与家长、学校工作人员和管理人员接触，以支持学生成长并解决问题。,法拉·阿里：在 Bright Futures Academy 工作了 10 年的小学教师。实施了数字素养计划，将学生的技术熟练程度提高了30％。为五名初级教师提供了课程开发方面的指导。三度荣获 “年度最佳教师” 奖，以表彰其对学生成长的杰出贡献。
Elementary School Teachers,es,"Desarrolle y entregue planes de lecciones dirigidos a estudiantes jóvenes en diversas materias. Evalúe el desempeño de los estudiantes mediante evaluaciones, proporcionando comentarios y orientación. Fomente un entorno de aprendizaje positivo, inclusivo y estimulante. Colabore con los padres, el personal escolar y los administradores para apoyar el crecimiento de los estudiantes y abordar sus inquietudes.","Farah Ali: Maestra de primaria con 10 años en Bright Futures Academy. Implementé un programa de alfabetización digital, que mejoró el dominio tecnológico de los estudiantes en un 30%. Asesoré a cinco maestros jóvenes en el desarrollo curricular. Galardonado tres veces como «Maestro del año» por su destacado compromiso con el crecimiento de los estudiantes."
Elementary School Teachers,hi,"विभिन्न विषयों के युवा शिक्षार्थियों के लिए तैयार की गई पाठ योजनाएँ विकसित करना और उन्हें वितरित करना। मूल्यांकन के माध्यम से छात्रों के प्रदर्शन का मूल्यांकन करें, फीडबैक और मार्गदर्शन प्रदान करें। सीखने के सकारात्मक, समावेशी और प्रेरक माहौल को बढ़ावा दें। छात्रों के विकास में सहायता करने और चिंताओं को दूर करने के लिए माता-पिता, स्कूल स्टाफ और प्रशासकों के साथ जुड़ें।","फराह अली: ब्राइट फ्यूचर्स अकादमी में 10 साल के साथ प्राथमिक शिक्षक। एक डिजिटल साक्षरता कार्यक्रम लागू किया, जिससे छात्र तकनीकी दक्षता में 30% की वृद्धि हुई। पाठ्यचर्या के विकास में पांच जूनियर शिक्षकों को सलाह दी। छात्र विकास के प्रति उत्कृष्ट प्रतिबद्धता के लिए तीन बार 'टीचर ऑफ द ईयर' से सम्मानित किया गया।"
Elementary School Teachers,ar,تطوير وتقديم خطط الدروس التي تلبي احتياجات المتعلمين الصغار في مختلف الموضوعات. قم بتقييم أداء الطلاب من خلال التقييمات وتقديم الملاحظات والإرشادات. تعزيز بيئة تعليمية إيجابية وشاملة ومحفزة. تواصل مع أولياء الأمور وموظفي المدرسة والإداريين لدعم نمو الطلاب ومعالجة المخاوف.,فرح علي: معلمة ابتدائية لديها 10 سنوات في أكاديمية برايت فيوتشرز. تم تنفيذ برنامج محو الأمية الرقمية، مما أدى إلى تحسين الكفاءة التقنية للطلاب بنسبة 30٪. قام بتوجيه خمسة معلمين مبتدئين في تطوير المناهج الدراسية. حصل على جائزة «معلم العام» ثلاث مرات لالتزامه المتميز بنمو الطلاب.
Elementary School Teachers,pt,"Desenvolva e entregue planos de aula voltados para jovens alunos em várias disciplinas. Avalie o desempenho dos alunos por meio de avaliações, fornecendo feedback e orientação. Promova um ambiente de aprendizado positivo, inclusivo e estimulante. Interaja com pais, funcionários da escola e administradores para apoiar o crescimento dos alunos e resolver as preocupações.","Farah Ali: Professora primária com 10 anos na Bright Futures Academy. Implementou um programa de alfabetização digital, melhorando a proficiência técnica dos alunos em 30%. Orientou cinco professores juniores no desenvolvimento curricular. Premiado como “Professor do Ano” três vezes por seu excelente compromisso com o crescimento dos alunos."
Elementary School Teachers,bn,"বিভিন্ন বিষয় জুড়ে তরুণ শিক্ষার্থীদের জন্য পাঠ পরিকল্পনা তৈরি করুন এবং সরবরাহ করুন। মূল্যায়নের মাধ্যমে শিক্ষার্থীদের পারফরম্যান্স মূল্যায়ন করুন, প্রতিক্রিয়া এবং একটি ইতিবাচক, অন্তর্ভুক্ত এবং উদ্দীপক শেখার পরিবেশ বাড়ান শিক্ষার্থীদের বৃদ্ধিকে সমর্থন করতে এবং উদ্বেগ সমাধানের জন্য পিতামাতা, স্কুল কর্মী এবং প্রশাসক","ফারাহ আলী: ব্রাইট ফিউচার একাডেমিতে 10 বছর ধরে প্রাথমিক শিক্ষক। একটি ডিজিটাল সাক্ষরতা প্রোগ্রাম বাস্তবায়ন করে, শিক্ষার্থীদের প্রযুক্তি দক্ষতার উন্নতি 30%। পাঠ্যক্রম বিকাশে পাঁচজন জুনিয়র শিক্ষককে পরা শিক্ষার্থীদের বৃদ্ধির প্রতি অসামান্য প্রতিশ্রুতির জন্য তিনবার 'শিক্ষক অফ দ্য ইয়ার'"
Elementary School Teachers,ru,"Разработайте и разработайте планы уроков для юных учащихся по различным предметам. Оценивайте успеваемость учащихся с помощью оценок, предоставления отзывов и рекомендаций. Создавайте позитивную, инклюзивную и стимулирующую учебную среду. Взаимодействуйте с родителями, школьным персоналом и администраторами, чтобы поддержать рост учащихся и решить проблемы.","Фара Али: учительница начальных классов с 10-летним стажем в Академии Bright Futures. Реализовала программу цифровой грамотности, благодаря которой уровень технической грамотности учащихся повысился на 30%. Наставлял пять младших учителей по разработке учебных программ. Трижды был удостоен звания «Учитель года» за выдающуюся приверженность развитию учащихся."
Elementary School Teachers,ja,さまざまな科目の若い学習者向けの授業計画を作成して提供します。評価を通じて生徒の成績を評価し、フィードバックや指導を行います。ポジティブでインクルーシブで刺激的な学習環境を育みます。保護者、学校職員、管理者と連携して、生徒の成長を支援し、懸念事項に対処してください。,ファラ・アリ：ブライト・フューチャーズ・アカデミーで10年間勤務した小学校教師。デジタルリテラシープログラムを実施し、学生の技術力を 30% 向上させました。5人のジュニア教員をカリキュラム開発で指導しました。生徒の成長に対する優れた取り組みが評価され、「年間最優秀教師」を3回受賞。
Elementary School Teachers,de,"Entwickeln und implementieren Sie Unterrichtspläne für junge Lernende in verschiedenen Fächern. Beurteilen Sie die Leistungen der Schüler anhand von Beurteilungen und geben Sie Feedback und Anleitungen. Fördern Sie ein positives, inklusives und anregendes Lernumfeld. Arbeiten Sie mit Eltern, Schulpersonal und Administratoren zusammen, um die Entwicklung der Schüler zu unterstützen und Bedenken auszuräumen.","Farah Ali: Grundschullehrerin mit 10 Jahren an der Bright Futures Academy. Implementierung eines Programms zur digitalen Kompetenz, das die technischen Fähigkeiten der Schüler um 30% verbesserte. Betreuung von fünf Nachwuchslehrern bei der Lehrplanentwicklung. Dreimal als „Lehrer des Jahres“ für herausragendes Engagement für die Weiterentwicklung der Schüler ausgezeichnet."
Truck Drivers,en,"Safely operate trucks to transport goods between specified locations. Ensure timely deliveries while adhering to established routes and regulations. Monitor vehicle condition, perform minor repairs, and maintain relevant documentation. Communicate with dispatchers, customers, and supply chain personnel for smooth operations.",Mike Johnson: Seasoned Truck Driver with 12 years transporting goods across the country for Swift Transports. Maintained a 100% safety record and consistently met delivery deadlines. Proficient in advanced navigation software and vehicle maintenance. Twice recognized for perfect attendance and commitment to duty.
Truck Drivers,zh,安全操作卡车在指定地点之间运输货物。确保及时交货，同时遵守既定路线和法规。监控车辆状况，进行小修，并保存相关文档。与调度员、客户和供应链人员沟通，确保运营顺畅。,迈克·约翰逊：经验丰富的卡车司机，在全国范围内为 Swift Transports 运送货物已有 12 年的经验。保持 100% 的安全记录，并始终如一地遵守交货期限。精通高级导航软件和车辆维护。两次因出勤率和忠于职守而获得认可。
Truck Drivers,es,"Opere camiones de forma segura para transportar mercancías entre ubicaciones específicas. Garantice las entregas puntuales y, al mismo tiempo, cumpla con las rutas y regulaciones establecidas. Supervise el estado del vehículo, realice reparaciones menores y conserve la documentación pertinente. Comuníquese con los despachadores, los clientes y el personal de la cadena de suministro para que las operaciones sean fluidas.",Mike Johnson: conductor de camión experimentado con 12 años transportando mercancías por todo el país para Swift Transports. Mantuvo un registro de seguridad del 100% y cumplió consistentemente con los plazos de entrega. Competente en software de navegación avanzado y mantenimiento de vehículos. Reconocido dos veces por su perfecta asistencia y compromiso con el deber.
Truck Drivers,hi,"निर्दिष्ट स्थानों के बीच माल ले जाने के लिए ट्रकों को सुरक्षित रूप से संचालित करें। स्थापित मार्गों और विनियमों का पालन करते हुए समय पर डिलीवरी सुनिश्चित करें। वाहन की स्थिति की निगरानी करें, मामूली मरम्मत करें और प्रासंगिक दस्तावेज़ीकरण बनाए रखें। सुचारू संचालन के लिए डिस्पैचर्स, ग्राहकों और सप्लाई चेन कर्मियों के साथ संवाद करें।","माइक जॉनसन: अनुभवी ट्रक ड्राइवर, जो स्विफ्ट ट्रांसपोर्ट के लिए देश भर में 12 साल से माल की ढुलाई कर रहा है। 100% सुरक्षा रिकॉर्ड बनाए रखा और डिलीवरी की समय सीमा को लगातार पूरा किया। उन्नत नेविगेशन सॉफ़्टवेयर और वाहन रखरखाव में कुशल। दो बार पूर्ण उपस्थिति और कर्तव्य के प्रति प्रतिबद्धता के लिए पहचाने जाते हैं।"
Truck Drivers,ar,قم بتشغيل الشاحنات بأمان لنقل البضائع بين المواقع المحددة. ضمان التسليم في الوقت المناسب مع الالتزام بالمسارات واللوائح المعمول بها. راقب حالة السيارة، وقم بإجراء إصلاحات طفيفة، واحتفظ بالوثائق ذات الصلة. تواصل مع المرسلين والعملاء وموظفي سلسلة التوريد من أجل عمليات سلسة.,مايك جونسون: سائق شاحنة متمرس يتمتع بخبرة 12 عامًا في نقل البضائع في جميع أنحاء البلاد لشركة Swift Transports. حافظ على سجل أمان بنسبة 100٪ والتزم بالمواعيد النهائية للتسليم باستمرار. يتقن برامج الملاحة المتقدمة وصيانة المركبات. تم تكريمه مرتين للحضور المثالي والالتزام بالواجب.
Truck Drivers,pt,"Opere caminhões com segurança para transportar mercadorias entre locais específicos. Garanta entregas em tempo hábil, respeitando as rotas e regulamentos estabelecidos. Monitore a condição do veículo, realize pequenos reparos e mantenha a documentação relevante. Comunique-se com despachantes, clientes e pessoal da cadeia de suprimentos para operações tranquilas.",Mike Johnson: Motorista de caminhão experiente com 12 anos transportando mercadorias em todo o país para a Swift Transports. Manteve um registro de 100% de segurança e cumpriu os prazos de entrega de forma consistente. Proficiente em software avançado de navegação e manutenção de veículos. Duas vezes reconhecido pelo atendimento perfeito e pelo compromisso com o dever.
Truck Drivers,bn,"নির্দিষ্ট অবস্থানের মধ্যে পণ্য পরিবহনের জন্য নিরাপদে ট্রাক পরি প্রতিষ্ঠিত রুট এবং বিধি মেনে চলার সময় সময়মত বিতরণ নিশ্চিত করুন গাড়ির অবস্থা নিরীক্ষণ করুন, ছোটখাট মেরামত করুন এবং প্রাসঙ্গিক ডকু মসৃণ ক্রিয়াকলাপের জন্য প্রেরক, গ্রাহক এবং সরবরাহ চেইন কর্মীদের সাথে যোগাযোগ করুন।",মাইক জনসন: সুইফট ট্রান্সপোর্টের জন্য দেশ জুড়ে পণ্য পরিবহন করে 12 বছর ধরে মুক্ত ট্রাক একটি 100% সুরক্ষা রেকর্ড বজায় রেখেছে এবং ধারাবাহিকভাবে ডেলিভারি উন্নত নেভিগেশন সফ্টওয়্যার এবং গাড়ির রক্ষণাবেক্ষণে দ নিখুঁত উপস্থিতি এবং দায়িত্বের প্রতি প্রতিশ্রুতির জন্য দুবার
Truck Drivers,ru,"Безопасное управление грузовиками для перевозки товаров между указанными местами. Обеспечьте своевременную доставку, соблюдая установленные маршруты и правила. Контролируйте состояние автомобиля, выполняйте мелкий ремонт и сохраняйте соответствующую документацию. Общайтесь с диспетчерами, клиентами и персоналом цепочки поставок для обеспечения бесперебойной работы.",Майк Джонсон: опытный водитель грузовика с 12-летним стажем перевозит товары по всей стране для Swift Transports. Обеспечил 100-процентный уровень безопасности и стабильно соблюдал сроки доставки. Владеет передовым навигационным программным обеспечением и техническим обслуживанием автомобилей. Дважды признана за отличную посещаемость и преданность долгу службы.
Truck Drivers,ja,トラックを安全に操作して、指定された場所間で商品を輸送します。確立されたルートと規制を順守しながら、タイムリーな配送を確保します。車両の状態を監視し、軽微な修理を行い、関連文書を管理します。配車担当者、顧客、サプライチェーンの担当者と連絡を取り、円滑な運用を実現します。,マイク・ジョンソン：Swift Transportsで12年間全国に商品を輸送してきたベテランのトラックドライバー。100% の安全記録を維持し、一貫して納期を守りました。高度なナビゲーションソフトウェアと車両メンテナンスに長けている。完璧な出席率と職務への献身が二度認められました。
Truck Drivers,de,"Betreiben Sie Lkw sicher, um Waren zwischen bestimmten Orten zu transportieren. Stellen Sie termingerechte Lieferungen sicher und halten Sie dabei die festgelegten Routen und Vorschriften ein. Überwachen Sie den Zustand des Fahrzeugs, führen Sie kleinere Reparaturen durch und pflegen Sie die entsprechenden Unterlagen. Kommunizieren Sie mit Dispatchern, Kunden und Mitarbeitern der Lieferkette, um einen reibungslosen Betrieb zu gewährleisten.",Mike Johnson: Erfahrener Lkw-Fahrer mit 12 Jahren Erfahrung im Transport von Waren durch das Land für Swift Transports. Hat eine 100-prozentige Sicherheitsbilanz aufrechterhalten und die Lieferfristen konsequent eingehalten. Gute Kenntnisse in fortschrittlicher Navigationssoftware und Fahrzeugwartung. Zweimal ausgezeichnet für perfekte Teilnahme und Einsatzbereitschaft.
Farmworkers,en,"Participate in planting, cultivating, and harvesting crops. Operate farm machinery and equipment in alignment with safety standards. Assist with livestock care, including feeding, grooming, and health monitoring. Maintain farm facilities, ensuring cleanliness and functionality.",Sara Gonzalez: Farmworker with 9 years at Green Valley Orchards. Spearheaded a pest-management initiative that increased crop yield by 15%. Skilled in organic farming techniques and modern farm machinery. Led training for new hires on sustainable farming practices.
Farmworkers,zh,参与种植、耕作和收获农作物。按照安全标准操作农用机械和设备。协助牲畜护理，包括喂养、美容和健康监测。维护农场设施，确保清洁和功能齐全。,萨拉·冈萨雷斯：在绿谷果园工作了9年的农场工人。率先发起了一项害虫管理计划，将农作物产量提高了15％。精通有机农业技术和现代农业机械。为新员工提供有关可持续农业实践的培训。
Farmworkers,es,"Participe en la plantación, el cultivo y la cosecha de cultivos. Opere la maquinaria y el equipo agrícola de acuerdo con las normas de seguridad. Ayude con el cuidado del ganado, incluida la alimentación, el aseo y el control de la salud. Mantenga las instalaciones de la granja, garantizando la limpieza y la funcionalidad.",Sara Gonzalez: Trabajadora agrícola con 9 años en Green Valley Orchards. Encabezó una iniciativa de control de plagas que aumentó el rendimiento de los cultivos en un 15%. Experto en técnicas de agricultura orgánica y maquinaria agrícola moderna. Dirigió la capacitación para nuevos empleados sobre prácticas agrícolas sostenibles.
Farmworkers,hi,"फसल बोने, खेती करने और कटाई में भाग लें। सुरक्षा मानकों के अनुरूप कृषि मशीनरी और उपकरण संचालित करें। पशुओं की देखभाल में सहायता करना, जिसमें भोजन करना, संवारना और स्वास्थ्य निगरानी शामिल है। खेत की सुविधाओं को बनाए रखें, साफ-सफाई और कार्यक्षमता सुनिश्चित करें।","सारा गोंजालेज: ग्रीन वैली ऑर्चर्ड्स में 9 साल का फार्मवर्कर। कीट-प्रबंधन पहल का नेतृत्व किया, जिससे फसल की पैदावार में 15% की वृद्धि हुई। जैविक कृषि तकनीकों और आधुनिक कृषि मशीनरी में कुशल। टिकाऊ कृषि पद्धतियों पर नए कर्मचारियों के लिए प्रशिक्षण का नेतृत्व किया।"
Farmworkers,ar,المشاركة في زراعة المحاصيل وزراعتها وحصادها. قم بتشغيل الآلات والمعدات الزراعية بما يتماشى مع معايير السلامة. المساعدة في رعاية الماشية، بما في ذلك التغذية والعناية الشخصية والمراقبة الصحية. الحفاظ على مرافق المزرعة وضمان النظافة والأداء الوظيفي.,سارة غونزاليس: عاملة مزرعة لديها 9 سنوات في جرين فالي أورشاردز. قاد مبادرة إدارة الآفات التي أدت إلى زيادة غلة المحاصيل بنسبة 15٪. ماهر في تقنيات الزراعة العضوية والآلات الزراعية الحديثة. قاد التدريب للموظفين الجدد على ممارسات الزراعة المستدامة.
Farmworkers,pt,"Participe do plantio, cultivo e colheita de safras. Opere máquinas e equipamentos agrícolas em alinhamento com os padrões de segurança. Auxiliar no cuidado do gado, incluindo alimentação, higiene e monitoramento da saúde. Mantenha as instalações da fazenda, garantindo limpeza e funcionalidade.",Sara Gonzalez: Trabalhadora rural com 9 anos em Green Valley Orchards. Liderou uma iniciativa de controle de pragas que aumentou o rendimento da safra em 15%. Hábil em técnicas de agricultura orgânica e máquinas agrícolas modernas. Liderou treinamento para novos contratados sobre práticas agrícolas sustentáveis.
Farmworkers,bn,"ফসল রোপণ, চাষ এবং ফসল কাটাতে অংশ নিন। নিরাপত্তা মানগুলির সাথে সারিবদ্ধতার সাথে খামার যন্ত্রপাতি এবং সরঞ্জা খাওয়ানো, গ্রুমিং এবং স্বাস্থ্য পর্যবেক্ষণ সহ প্রাণিসম্পদের যত্নে সহায়তা করুন। খামারের সুবিধা বজায় রাখুন, পরিচ্ছন্নতা এবং কার্য",সারা গঞ্জালেজ: গ্রিন ভ্যালি অর্চার্ডসে 9 বছর ধরে কৃষিকর্মী। একটি কীটপতঙ্গ ব্যবস্থাপনা উদ্যোগের নেতৃত্ব দিয়েছিল যা ফসলের ফলন 15% বাড়িয়েছে জৈব কৃষির কৌশল এবং আধুনিক খামার যন্ত্রপাতিতে টেকসই কৃষি পদ্ধতির উপর নতুন নিয়োগের জন্য প্রশিক্ষণের নেতৃত্বে
Farmworkers,ru,"Участвуйте в посадке, выращивании и сборе урожая. Эксплуатируйте сельскохозяйственную технику и оборудование в соответствии со стандартами безопасности. Оказывайте помощь в уходе за домашним скотом, включая кормление, уход и мониторинг состояния здоровья. Поддерживайте сельскохозяйственные помещения, обеспечивая чистоту и функциональность.","Сара Гонсалес: работница на ферме с 9 годами работы в садах Грин-Вэлли. Возглавила инициативу по борьбе с вредителями, которая повысила урожайность на 15%. Обладает навыками органического земледелия и современной сельскохозяйственной техники. Руководил обучением новых сотрудников методам устойчивого ведения сельского хозяйства."
Farmworkers,ja,作物の植え付け、栽培、収穫に参加してください。農業機械や設備を安全基準に沿って運転する。給餌、毛づくり、健康モニタリングなどの家畜の世話を支援する。農場施設を維持し、清潔さと機能性を確保する。,サラ・ゴンザレス：グリーンバレー果樹園で9年間働いた農場労働者。農作物の収穫量を 15% 増やすという害虫駆除の取り組みを主導しました。有機農法と最新の農業機械に長けている。持続可能な農業慣行に関する新入社員の研修を主導。
Farmworkers,de,"Nehmen Sie am Pflanzen, Kultivieren und Ernten von Pflanzen teil. Betreiben Sie landwirtschaftliche Maschinen und Geräte gemäß den Sicherheitsstandards. Unterstützung bei der Tierpflege, einschließlich Fütterung, Fellpflege und Gesundheitsüberwachung. Pflegen Sie die landwirtschaftlichen Einrichtungen und achten Sie auf Sauberkeit und Funktionalität.","Sara Gonzalez: Landarbeiterin mit 9 Jahren bei Green Valley Orchards. Leitete eine Initiative zur Schädlingsbekämpfung, die den Ernteertrag um 15% steigerte. Er kennt sich mit Techniken des ökologischen Landbaus und modernen Landmaschinen aus. Leitete Schulungen für neue Mitarbeiter zu nachhaltigen landwirtschaftlichen Praktiken."
Construction Laborers,en,"Engage in tasks requiring physical labor at construction sites. Utilize and maintain various tools and equipment, ensuring safety and efficiency. Assist with site preparation, digging, erecting scaffolding, and moving materials. Collaborate with skilled tradespeople and follow directions to support project completion.",Samuel Okafor: Construction Laborer with 8 years at BuildRight Inc. Played a key role in completing 20+ major projects ahead of schedule. Certified in operating various construction machines. Awarded 'Laborer of the Month' five times for dedication and efficiency.
Construction Laborers,zh,在建筑工地从事需要体力劳动的任务。使用和维护各种工具和设备，确保安全和效率。协助场地准备、挖掘、搭建脚手架和搬运材料。与熟练的商人合作，按照指示为项目完成提供支持。,塞缪尔·奥卡福尔：在BuildRight Inc.工作了8年的建筑工人。在提前完成20多个重大项目方面发挥了关键作用。获得操作各种建筑机械的认证。凭借奉献精神和效率五次获得 “本月最佳劳动者” 奖。
Construction Laborers,es,"Realice tareas que requieran trabajo físico en las obras de construcción. Utilice y mantenga diversas herramientas y equipos, garantizando la seguridad y la eficiencia. Ayude con la preparación del sitio, la excavación, el montaje de andamios y el traslado de materiales. Colabore con comerciantes calificados y siga las instrucciones para respaldar la finalización del proyecto.","Samuel Okafor: obrero de la construcción con 8 años en BuildRight Inc., desempeñó un papel clave al completar más de 20 proyectos importantes antes de lo previsto. Certificado en el manejo de varias máquinas de construcción. Galardonado cinco veces como «Trabajador del mes» por su dedicación y eficiencia."
Construction Laborers,hi,"निर्माण स्थलों पर शारीरिक श्रम की आवश्यकता वाले कार्यों में संलग्न रहें। सुरक्षा और दक्षता सुनिश्चित करते हुए विभिन्न उपकरणों और उपकरणों का उपयोग करें और उनका रखरखाव करें। साइट तैयार करने, खोदने, मचान खड़ा करने और सामग्री ले जाने में सहायता करें। कुशल व्यापारियों के साथ सहयोग करें और परियोजना को पूरा करने में सहायता करने के लिए निर्देशों का पालन करें।",सैमुअल ओकाफोर: BuildRight Inc. में 8 साल के कंस्ट्रक्शन लेबर ने शेड्यूल से पहले 20+ प्रमुख परियोजनाओं को पूरा करने में महत्वपूर्ण भूमिका निभाई। विभिन्न निर्माण मशीनों के संचालन में प्रमाणित। समर्पण और दक्षता के लिए पांच बार 'लेबरर ऑफ द मंथ' से सम्मानित किया गया।
Construction Laborers,ar,الانخراط في المهام التي تتطلب العمل البدني في مواقع البناء. استخدام وصيانة الأدوات والمعدات المختلفة، مما يضمن السلامة والكفاءة. المساعدة في إعداد الموقع والحفر وإقامة السقالات والمواد المتحركة. تعاون مع التجار المهرة واتبع التوجيهات لدعم إكمال المشروع.,صامويل أوكافور: عامل بناء يعمل لمدة 8 سنوات في BuildRight Inc. لعب دورًا رئيسيًا في إكمال أكثر من 20 مشروعًا رئيسيًا قبل الموعد المحدد. معتمد في تشغيل آلات البناء المختلفة. حصل على جائزة «عامل الشهر» خمس مرات لتفانيه وكفاءته.
Construction Laborers,pt,"Envolva-se em tarefas que exijam trabalho físico em canteiros de obras. Utilize e mantenha várias ferramentas e equipamentos, garantindo segurança e eficiência. Auxiliar na preparação do local, escavação, montagem de andaimes e movimentação de materiais. Colabore com comerciantes qualificados e siga as instruções para apoiar a conclusão do projeto.",Samuel Okafor: Trabalhador de construção civil com 8 anos na BuildRight Inc. Desempenhou um papel fundamental na conclusão de mais de 20 grandes projetos antes do previsto. Certificado na operação de várias máquinas de construção. Premiado como “Trabalhador do Mês” cinco vezes por dedicação e eficiência.
Construction Laborers,bn,"নির্মাণ সাইটে শারীরিক শ্রমের প্রয়োজনীয় কাজগুলিতে জড়িত হন সুরক্ষা এবং দক্ষতা নিশ্চিত করে বিভিন্ন সরঞ্জাম এবং সরঞ্জাম ব্যবহার এবং বজায় রাখুন। সাইট প্রস্তুতি, খনন, স্ক্যাফোল্ডিং স্থাপন এবং সামগ্রী চলাচল করতে সহায়তা করুন। দক্ষ ব্যবসায়ীদের সাথে সহযোগিতা করুন এবং প্রকল্প সমাপ্তির জন্য নির্দেশাবলী অনুসরণ করুন।",স্যামুয়েল ওকাফর: বিল্ডরাইট ইনকর্পোরেটেডে 8 বছর থাকা নির্মাণ শ্রমিক সময়সূচীর আগে 20+ বড় প্রকল্প সম্পন্ন করতে মূল ভূমিকা পালন করেছেন। বিভিন্ন নির্মাণ মেশিন পরিচালনার ক্ষেত্রে প্রত্যয়িত। উত্সর্গ ও দক্ষতার জন্য পাঁচবার 'মাসের শ্রমিক' পুরস্কার দেওয়া হয়।
Construction Laborers,ru,"Занимайтесь задачами, требующими физического труда на строительных площадках. Используйте и обслуживайте различные инструменты и оборудование, обеспечивая безопасность и эффективность. Оказывайте помощь в подготовке площадки, земляных работах, возведении строительных лесов и перемещении материалов. Сотрудничайте с квалифицированными специалистами и следуйте инструкциям для содействия завершению проекта.","Сэмюэл Окафор: строитель с 8-летним стажем работы в BuildRight Inc., сыграл ключевую роль в досрочном завершении более 20 крупных проектов. Сертифицирован в области эксплуатации различных строительных машин. Пять раз был удостоен звания «Рабочий месяца» за самоотверженность и эффективность."
Construction Laborers,ja,建設現場での肉体労働を必要とする作業に従事する。さまざまな工具や設備を活用、維持し、安全性と効率性を確保する。現場の準備、掘削、足場の設置、資材の移動を支援します。熟練した職人と協力し、指示に従ってプロジェクトの完了を支援します。,サミュエル・オカフォー：BuildRight Inc.で8年間勤務した建設労働者は、20以上の主要プロジェクトを予定より早く完了する上で重要な役割を果たしました。各種建設機械の運転経験を有しています。献身と効率性が評価され、「今月の労働者」を5回受賞しました。
Construction Laborers,de,"Erledigen Sie Aufgaben, die körperliche Arbeit auf Baustellen erfordern. Verwenden und warten Sie verschiedene Werkzeuge und Geräte, um Sicherheit und Effizienz zu gewährleisten. Unterstützung bei der Vorbereitung der Baustelle, beim Graben, Aufstellen von Gerüsten und beim Transport von Materialien. Arbeiten Sie mit erfahrenen Handwerkern zusammen und befolgen Sie die Anweisungen, um den Projektabschluss zu unterstützen.",Samuel Okafor: Bauarbeiter mit 8 Jahren bei BuildRight Inc. Er spielte eine Schlüsselrolle bei der vorzeitigen Fertigstellung von mehr als 20 Großprojekten. Zertifiziert für den Betrieb verschiedener Baumaschinen. Fünfmal als „Arbeiter des Monats“ für Engagement und Effizienz ausgezeichnet.
Janitors and Cleaners,en,"Clean and maintain the appearance and functionality of assigned buildings or areas. Utilize various equipment and products to ensure thorough sanitation. Address minor maintenance issues, from changing light bulbs to minor repairs. Adhere to health and safety guidelines, ensuring a safe environment for building occupants.","Lily Chen: Head Janitor with 7 years at City Mall. Implemented eco-friendly cleaning practices, reducing costs by 10%. Skilled in advanced sanitation equipment and techniques. Recognized for consistently exceeding cleanliness standards and training new staff."
Janitors and Cleaners,zh,清洁和维护指定建筑物或区域的外观和功能。使用各种设备和产品，确保彻底的卫生。解决次要维护问题，从更换灯泡到小修。遵守健康和安全准则，确保建筑物居住者的安全环境。,Lily Chen：在城市购物中心工作了7年的首席看门人。实施了环保清洁措施，将成本降低了10％。精通先进的卫生设备和技术。因持续超越清洁标准和培训新员工而受到认可。
Janitors and Cleaners,es,"Limpie y mantenga la apariencia y la funcionalidad de los edificios o áreas asignados. Utilice varios equipos y productos para garantizar un saneamiento completo. Aborde los problemas de mantenimiento menores, desde el cambio de bombillas hasta las reparaciones menores. Cumpla con las pautas de salud y seguridad para garantizar un entorno seguro para los ocupantes del edificio.","Lily Chen: jefa de limpieza con 7 años en City Mall. Implementé prácticas de limpieza ecológicas, reduciendo los costos en un 10%. Experto en equipos y técnicas de saneamiento avanzados. Reconocido por superar constantemente los estándares de limpieza y capacitar a nuevo personal."
Janitors and Cleaners,hi,"निर्धारित इमारतों या क्षेत्रों की उपस्थिति और कार्यक्षमता को साफ और बनाए रखें। संपूर्ण स्वच्छता सुनिश्चित करने के लिए विभिन्न उपकरणों और उत्पादों का उपयोग करें। लाइट बल्ब बदलने से लेकर मामूली मरम्मत तक, रखरखाव की छोटी-मोटी समस्याओं का समाधान करें। भवन में रहने वालों के लिए सुरक्षित वातावरण सुनिश्चित करते हुए, स्वास्थ्य और सुरक्षा दिशानिर्देशों का पालन करें।","लिली चेन: सिटी मॉल में 7 साल की हेड चौकीदार। पर्यावरण के अनुकूल सफाई पद्धतियों को लागू किया, जिससे लागत में 10% की कमी आई। उन्नत स्वच्छता उपकरणों और तकनीकों में कुशल। स्वच्छता मानकों को लगातार पार करने और नए कर्मचारियों को प्रशिक्षित करने के लिए मान्यता प्राप्त है।"
Janitors and Cleaners,ar,قم بتنظيف والحفاظ على مظهر ووظائف المباني أو المناطق المخصصة. استخدم العديد من المعدات والمنتجات لضمان الصرف الصحي الشامل. قم بمعالجة مشكلات الصيانة البسيطة، من تغيير المصابيح الكهربائية إلى الإصلاحات الطفيفة. الالتزام بإرشادات الصحة والسلامة، وضمان بيئة آمنة لشاغلي المبنى.,ليلي تشين: رئيسة عمال النظافة ولديها 7 سنوات في سيتي مول. تم تنفيذ ممارسات تنظيف صديقة للبيئة، مما أدى إلى خفض التكاليف بنسبة 10٪. ماهر في معدات وتقنيات الصرف الصحي المتقدمة. معترف به لتجاوز معايير النظافة باستمرار وتدريب الموظفين الجدد.
Janitors and Cleaners,pt,"Limpe e mantenha a aparência e a funcionalidade dos edifícios ou áreas designados. Utilize vários equipamentos e produtos para garantir um saneamento completo. Resolva pequenos problemas de manutenção, desde a troca de lâmpadas até pequenos reparos. Siga as diretrizes de saúde e segurança, garantindo um ambiente seguro para os ocupantes do edifício.","Lily Chen: faxineira chefe com 7 anos no City Mall. Implementou práticas de limpeza ecológicas, reduzindo os custos em 10%. Hábil em equipamentos e técnicas avançadas de saneamento. Reconhecida por superar consistentemente os padrões de limpeza e treinar novos funcionários."
Janitors and Cleaners,bn,নির্ধারিত ভবন বা অঞ্চলগুলির চেহারা এবং কার্যকারিতা পরিষ্কার এবং বজায় রাখুন সম্পূর্ণ স্যানিটেশন নিশ্চিত করতে বিভিন্ন সরঞ্জাম এবং পণ্য ব্যবহার করুন। লাইট বাল্ব পরিবর্তন করা থেকে ছোটখাট মেরামত পর্যন্ত ছোট রক্ষণাবেক্ষণ বিল্ডিং অধিকারীদের জন্য নিরাপদ পরিবেশ নিশ্চিত করে স্বাস্থ্য এবং সুরক্ষা নির্দেশিকা মেনে চলুন,"লিলি চেন: সিটি মলে 7 বছর বয়সী হেড জ্যানিটর। বাস্তবায়িত পরিবেশ বান্ধব পরিষ্কারের পদ্ধতি, খরচ 10% উন্নত স্যানিটেশন সরঞ্জাম এবং কৌশলগুলিতে দ ধারাবাহিকভাবে পরিচ্ছন্নতার মান অতিক্রম করার এবং নতুন কর্মীদের প্রশিক্ষণের"
Janitors and Cleaners,ru,"Очищайте и поддерживайте внешний вид и функциональность назначенных зданий или зон. Используйте различное оборудование и продукты для обеспечения тщательной санитарии. Устраните мелкие проблемы с техническим обслуживанием, от замены лампочек до мелкого ремонта. Соблюдайте правила охраны труда и техники безопасности, обеспечивая безопасную среду для жильцов здания.","Лили Чен: главный уборщик с 7-летним стажем в торговом центре City Mall. Внедрены экологически чистые методы уборки, снижающие затраты на 10%. Обладают навыками владения современным санитарным оборудованием и методами. Признан за постоянное превышение стандартов чистоты и обучение нового персонала."
Janitors and Cleaners,ja,割り当てられた建物またはエリアの外観と機能を清掃し、維持します。さまざまな機器や製品を活用して、徹底した衛生管理を確保してください。電球の交換から軽微な修理まで、軽微なメンテナンスの問題に対処します。健康と安全に関するガイドラインを順守し、建物の居住者にとって安全な環境を確保してください。,リリー・チェン：シティモールで7年間働いた管理責任者。環境にやさしい清掃方法を実施し、コストを 10% 削減しました。高度な衛生設備と技術に長けている。常に清潔度基準を上回り、新しいスタッフをトレーニングしていることで知られています。
Janitors and Cleaners,de,"Reinigen und pflegen Sie das Aussehen und die Funktionalität der zugewiesenen Gebäude oder Bereiche. Verwenden Sie verschiedene Geräte und Produkte, um eine gründliche Hygiene zu gewährleisten. Beheben Sie kleinere Wartungsprobleme, vom Austausch von Glühbirnen bis hin zu kleineren Reparaturen. Halten Sie sich an die Gesundheits- und Sicherheitsrichtlinien und sorgen Sie für eine sichere Umgebung für die Bewohner von Gebäuden.","Lily Chen: Chefhausmeisterin mit 7 Jahren in der City Mall. Einführung umweltfreundlicher Reinigungspraktiken, wodurch die Kosten um 10% gesenkt wurden. Kenntnisse in fortschrittlichen sanitären Geräten und Techniken. Bekannt für die konsequente Überschreitung der Sauberkeitsstandards und die Ausbildung neuer Mitarbeiter."
Cashiers,en,"Process sales transactions, handle cash, and provide change in a retail setting. Engage with customers, addressing inquiries and ensuring a positive checkout experience. Maintain an organized, clean, and well-stocked checkout area. Resolve payment discrepancies and assist with inventory management tasks.",Rahul Patel: Lead Cashier with 6 years at MegaStore Supermarket. Improved checkout efficiency by 20% through a new queuing system. Trained over 15 cashiers in point-of-sale software and customer service. Awarded 'Cashier of the Year' twice for exemplary service and reliability.
Cashiers,zh,在零售环境中处理销售交易、处理现金和提供零钱。与客户互动，解决疑问并确保良好的结账体验。保持收银区井然有序、干净、存货充足。解决付款差异并协助完成库存管理任务。,Rahul Patel：在 MegaStore 超市工作了 6 年的首席收银员。通过新的排队系统，将结账效率提高了20％。对超过15名收银员进行了销售点软件和客户服务方面的培训。两次荣获 “年度最佳收银员” 奖，以表彰其出色的服务和可靠性。
Cashiers,es,"Procese las transacciones de venta, gestione el efectivo y proporcione cambios en un entorno minorista. Interactúe con los clientes, aborde sus consultas y garantice una experiencia de pago positiva. Mantenga un área de pago organizada, limpia y bien surtida. Resuelva las discrepancias de pago y ayude con las tareas de gestión del inventario.",Rahul Patel: cajero principal con 6 años en el supermercado MegaStore. Se mejoró la eficiencia de las cajas en un 20% gracias a un nuevo sistema de colas. Capacitó a más de 15 cajeros en software de punto de venta y servicio al cliente. Galardonado dos veces como «Cajero del año» por su servicio y confiabilidad ejemplares.
Cashiers,hi,"बिक्री लेनदेन को प्रोसेस करें, नकदी को संभालें और रिटेल सेटिंग में बदलाव प्रदान करें। ग्राहकों के साथ जुड़ें, पूछताछ का समाधान करें और चेकआउट का सकारात्मक अनुभव सुनिश्चित करें। व्यवस्थित, साफ-सुथरा और अच्छी तरह से स्टॉक किया हुआ चेकआउट क्षेत्र बनाए रखें। भुगतान संबंधी विसंगतियों का समाधान करें और इन्वेंट्री प्रबंधन कार्यों में सहायता करें।",राहुल पटेल: मेगास्टोर सुपरमार्केट में 6 साल के साथ लीड कैशियर। नई कतार प्रणाली के माध्यम से चेकआउट दक्षता में 20% तक सुधार हुआ। पॉइंट-ऑफ-सेल सॉफ़्टवेयर और ग्राहक सेवा में 15 से अधिक कैशियर को प्रशिक्षित किया। अनुकरणीय सेवा और विश्वसनीयता के लिए दो बार 'कैशियर ऑफ द ईयर' से सम्मानित किया गया।
Cashiers,ar,معالجة معاملات المبيعات والتعامل مع النقد وتوفير التغيير في بيئة البيع بالتجزئة. يمكنك التفاعل مع العملاء ومعالجة الاستفسارات وضمان تجربة دفع إيجابية. حافظ على منطقة خروج منظمة ونظيفة ومجهزة جيدًا. حل التناقضات في الدفع والمساعدة في مهام إدارة المخزون.,راهول باتيل: أمين الصندوق الرئيسي مع 6 سنوات في سوبر ماركت MegaStore. تم تحسين كفاءة الدفع بنسبة 20% من خلال نظام انتظار جديد. دربت أكثر من 15 صرافًا في برامج نقاط البيع وخدمة العملاء. حصل على جائزة «أمين الصندوق للعام» مرتين للخدمة المثالية والموثوقية.
Cashiers,pt,"Processe transações de vendas, administre dinheiro e forneça mudanças em um ambiente de varejo. Interaja com os clientes, respondendo às dúvidas e garantindo uma experiência de checkout positiva. Mantenha uma área de checkout organizada, limpa e bem abastecida. Resolva discrepâncias de pagamento e ajude nas tarefas de gerenciamento de estoque.",Rahul Patel: Caixa líder com 6 anos no supermercado MegaStore. Melhorou a eficiência do checkout em 20% por meio de um novo sistema de filas. Treinei mais de 15 caixas em software de ponto de venda e atendimento ao cliente. Premiado duas vezes como “Caixa do Ano” por serviço e confiabilidade exemplares.
Cashiers,bn,"বিক্রয় লেনদেন প্রক্রিয়া করুন, নগদ পরিচালনা করুন এবং খুচরা সেটিংসে পরিবর্তন প্রদান করুন গ্রাহকদের সাথে জড়িত হন, অনুসন্ধানগুলি সম্বোধন করুন এবং একটি ইতিবাচক চেক একটি সংগঠিত, পরিষ্কার এবং ভাল স্টক করা চেকআউট এলাকা বজায় রাখুন। পেমেন্টের বৈষম্য সমাধান করুন এবং ইনভেন্টরি ম্যানেজমেন্ট কাজগুলিতে",রাহুল প্যাটেল: মেগাস্টোর সুপারমার্কেটে 6 বছর ধরে লিড ক্যাশিয়ার। একটি নতুন সারি সিস্টেমের মাধ্যমে 20% চেকআউট দক্ষতা উন্নত করা হয়েছে। পয়েন্ট-অফ-সেল সফ্টওয়্যার এবং গ্রাহক পরিষেবাতে 15 টিরও বেশি ক্যাশিয়ারদের অনুকরণীয় সেবা এবং নির্ভরযোগ্যতার জন্য দুবার 'ক্যাশিয়ার অফ দ্য ইয়ার' পুরস্
Cashiers,ru,"Обрабатывайте сделки по продажам, обрабатывайте наличные деньги и вносите изменения в розничную торговлю. Взаимодействуйте с клиентами, отвечайте на запросы и обеспечивайте положительный опыт оформления заказа. Поддерживайте организованную, чистую и хорошо укомплектованную кассовую зону. Устраняйте расхождения в платежах и помогайте в решении задач по управлению запасами.",Рахул Патель: ведущий кассир с 6 годами работы в супермаркете MegaStore. Повышение эффективности оформления заказов на 20% благодаря новой системе очередей. Обучил более 15 кассиров программному обеспечению для торговых точек и обслуживанию клиентов. Дважды был удостоен звания «Кассир года» за образцовый сервис и надежность.
Cashiers,ja,販売取引の処理、現金の処理、小売店での変化への対応を行います。顧客と関わり、問い合わせに対応し、ポジティブなチェックアウト体験を確保します。整理整頓され、清潔で、品揃えの豊富なチェックアウトエリアを維持しましょう。支払いの不一致を解決し、在庫管理タスクを支援します。,ラーフル・パテル：メガストア・スーパーマーケットで6年間働いたリードキャッシャー。新しいキューイングシステムにより、チェックアウトの効率が 20% 向上しました。15 人以上のレジ係に POS ソフトウェアとカスタマーサービスのトレーニングを行いました。模範的なサービスと信頼性が評価され、「キャッシャー・オブ・ザ・イヤー」を2回受賞しました。
Cashiers,de,"Verarbeiten Sie Verkaufstransaktionen, verwalten Sie Bargeld und sorgen Sie für Veränderungen im Einzelhandel. Treten Sie mit Kunden in Kontakt, bearbeiten Sie Anfragen und sorgen Sie für ein positives Checkout-Erlebnis. Sorgen Sie für einen organisierten, sauberen und gut sortierten Kassenbereich. Beheben Sie Zahlungsunstimmigkeiten und unterstützen Sie bei der Inventarverwaltung.",Rahul Patel: Leitender Kassierer mit 6 Jahren im MegaStore Supermarket. Die Effizienz an der Kasse wurde durch ein neues Warteschlangensystem um 20% verbessert. Über 15 Kassierer wurden in POS-Software und Kundenservice geschult. Zweimal als „Kassierer des Jahres“ für vorbildlichen Service und Zuverlässigkeit ausgezeichnet.
